<table_data name="email_template">
    <row type="email_template">
        <field name="name">bruteforce_notify</field>
        <field name="lang">en</field>
        <field name="format">text</field>
        <field name="subject">Bruteforce Attack Detected</field>
        <field name="txt">Dear Administrator,

Bruteforce Attack Detected.

IP: %ip%
Last Used Login: %login%

--
Best Regards,
%site_title%
%root_url%
        </field>
    </row>
    <row type="email_template">
        <field name="name">send_security_code</field>
        <field name="lang">en</field>
        <field name="format">text</field>
        <field name="subject">Your Lost Password</field>
        <field name="txt">Dear %user.name_f% %user.name_l%,

You have requested your log-in information.

     Your User ID:  %user.login%

Follow a link below to change your password:
  %url%
    
This link will be active %hours% hour(s).

--
Best Regards,
%site_title%
%root_url%
        </field>
    </row>
    <row type="email_template">
        <field name="name">send_security_code_admin</field>
        <field name="lang">en</field>
        <field name="format">text</field>
        <field name="subject">Your Lost Password</field>
        <field name="txt">Dear %user.name_f% %user.name_l%,

You have requested your admin log-in information.

     Your User ID:  %user.login%

Follow a link below to change your password:
  %url%
    
This link will be active %hours% hour(s).

--
Best Regards,
%site_title%
%root_url%
        </field>
    </row>
    <row type="email_template">
        <field name="name">send_password_admin</field>
        <field name="lang">en</field>
        <field name="format">text</field>
        <field name="subject">New Admin Password</field>
        <field name="txt">Dear Administrator,

You have requested to reset your access credentials.

     Your User ID:  %user.login%
     New Password:  %pass%

Please login to admin control panel at:
     %root_url%/admin/

--
Best Regards,
%site_title%
%root_url%
        </field>
    </row>
    <row type="email_template">
        <field name="name">profile_changed</field>
        <field name="lang">en</field>
        <field name="format">text</field>
        <field name="subject">%site_title% User profile has been changed</field>
        <field name="txt">There is an automated message from aMember Pro script.

User has changed profile.

User details:
    Username:   %user.login%
    Email:      %user.email%
    Name:       %user.name_f% %user.name_l%

Changed fields:
%changes%
--
Best Regards,
%site_title%
%root_url%
        </field>
    </row>
    <row type="email_template">
        <field name="name">manually_approve</field>
        <field name="lang">en</field>
        <field name="format">text</field>
        <field name="subject">%site_title% Your signup is pending</field>
        <field name="txt">Dear %user.name_f% %user.name_l%,

Thank you for subscribing!

We review all payments manually, so your payment 
status is pending. You will receive email when your
account will be approved. Thank you for your patience.
--
Best Regards,
%site_title%
%root_url%
        </field>
    </row>
    <row type="email_template">
        <field name="name">invoice_approval_wait_user</field>
        <field name="lang">en</field>
        <field name="format">text</field>
        <field name="subject">%site_title% Your payment is under review</field>
        <field name="txt">Dear %user.name_f% %user.name_l%,

Thank you for subscribing!

We review all payments manually, so your payment 
status is pending. You will receive email when your
payment will be approved. Thank you for your patience.
--
Best Regards,
%site_title%
%root_url%
        </field>
    </row>
    <row type="email_template">
        <field name="name">invoice_pay_link</field>
        <field name="lang">en</field>
        <field name="format">text</field>
        <field name="subject">%site_title% New Invoice</field>
        <field name="txt">Dear %user.name_f% %user.name_l%,
%message%
Follow a link below to pay Invoice:
%url%

%invoice_text%
Invoice is valid until: %invoice.due_date|date%

--
Best Regards,
%site_title%
%root_url%
        </field>
    </row>

    <row type="email_template">
        <field name="name">invoice_approved_user</field>
        <field name="lang">en</field>
        <field name="format">text</field>
        <field name="subject">%site_title% Your payment was approved!</field>
        <field name="txt">Dear %user.name_f% %user.name_l%,

Thank you for subscribing!
Your payment was approved by our staff. 

   Your User ID: %user.login%  

Log-on to your member pages at:
%root_url%/member

--
Best Regards,
%site_title%
%root_url%
        </field>
    </row>

    <row type="email_template">
        <field name="name">mail_cancel_admin</field>
        <field name="lang">en</field>
        <field name="format">text</field>
        <field name="subject">%site_title% - User subscription cancelled</field>
        <field name="txt">User %user.login%, &quot;%user.name_f% %user.name_l%&quot; &lt;%user.email%&gt;
has cancelled recurring subscription #%invoice.invoice_id% to product
%product.title%.

--
Best Regards,
%site_title%
%root_url%
        </field>
    </row>
    <row type="email_template">
        <field name="name">mail_cancel_member</field>
        <field name="lang">en</field>
        <field name="format">text</field>
        <field name="subject">%site_title% - Subscription cancelled</field>
        <field name="txt">Dear %user.name_f% %user.name_l%,

Your subscription to &quot;%product.title%&quot; cancelled. Feel free to subscribe 
again, you can do it here:
  %root_url%/member

--
Best Regards,
%site_title%
%root_url%
        </field>
    </row>
    <row type="email_template">
        <field name="name">send_payment_admin</field>
        <field name="lang">en</field>
        <field name="format">text</field>
        <field name="subject">%site_title% *** New Payment</field>
        <field name="txt">
Payment Amount: %payment.amount% %payment.currency%
Payment Reference: %payment.receipt_id%            

%invoice_text%

User details:
    Username:   %user.login%
    Email:      %user.email%
    Name:       %user.name_f% %user.name_l%

--
Best Regards,
%site_title%
%root_url%
        </field>
    </row>
    <row type="email_template">
        <field name="name">registration_mail</field>
        <field name="lang">en</field>
        <field name="format">text</field>
        <field name="subject">%site_title% Registration</field>
        <field name="txt">Dear %user.name_f% %user.name_l%,

Thank you for registration on %site_title%!

   Your User ID: %user.login% 
   Your Password: %password%

Log-on to your member pages at:
%root_url%/member

--
Best Regards,
%site_title%
%root_url%
        </field>
    </row>
    <row type="email_template">
        <field name="name">changepass_mail</field>
        <field name="lang">en</field>
        <field name="format">text</field>
        <field name="subject">%site_title% Password Change</field>
        <field name="txt">Dear %user.name_f% %user.name_l%,

You changed password on %site_title%!

   Your User ID: %user.login%
   Your Password: %password%

Log-on to your member pages at:
%root_url%/member

--
Best Regards,
%site_title%
%root_url%
        </field>
    </row>
    <row type="email_template">
        <field name="name">send_signup_mail</field>
        <field name="lang">en</field>
        <field name="format">text</field>
        <field name="subject">%site_title% - Membership Information</field>
        <field name="txt">Dear %user.name_f% %user.name_l%,

Thank you for subscribing on %site_title%!

   Your User ID: %user.login%  

Log-on to your member pages at:
%root_url%/member

--
Best Regards,
%site_title%
%root_url%
        </field>
    </row>
    <row type="email_template">
        <field name="name">send_payment_mail</field>
        <field name="lang">en</field>
        <field name="format">text</field>
        <field name="subject">%site_title% - Payment Receipt</field>
        <field name="txt">Thank you for your order. You may find order details below:

Payment Amount: %payment.amount% %payment.currency%
Payment Reference: %payment.receipt_id%            
                       
%invoice_text%
--
Best Regards,
%site_title%
%root_url%
        </field>
    </row>
    <row type="email_template">
        <field name="name">verify_email_signup</field>
        <field name="lang">en</field>
        <field name="format">text</field>
        <field name="subject">%site_title% - Account Verification</field>
        <field name="txt">Hello %user.name_f% %user.name_l%,

You (or someone else) has just registered an account on %site_title%.
Clicking on the link below will activate the account:
%url%

--
Best Regards,
%site_title%
%root_url%
        </field>
    </row>
    <row type="email_template">
        <field name="name">verify_email_profile</field>
        <field name="lang">en</field>
        <field name="format">text</field>
        <field name="subject">%site_title% - Account Verification</field>
        <field name="txt">Hello %user.name_f% %user.name_l%,

You (or someone else) has just changed email address in your account on %site_title%.
Clicking on the link below will approve this change:
%url%

Please note that email address will be changed in your profile only if you will click on above link.
If you didn't request email address change just disregard this message.

--
Best Regards,
%site_title%
%root_url%
        </field>
    </row>
    <row type="email_template">
        <field name="name">send_free_payment_admin</field>
        <field name="lang">en</field>
        <field name="format">text</field>
        <field name="subject">%site_title% *** New Free Signup</field>
        <field name="txt">
%invoice_text%

User details:
    Username:   %user.login%
    Email:      %user.email%
    Name:       %user.name_f% %user.name_l%

--
Best Regards,
%site_title%
%root_url%
        </field>
    </row>   
    <row type="email_template">
        <field name="name">manually_approve_admin</field>
        <field name="lang">en</field>
        <field name="format">text</field>
        <field name="subject">%site_title% Your approval required</field>
        <field name="txt">
New signup completed and is awaiting your approval.
Please log into aMember CP
        %root_url%/admin/
and then click the following link:
        %root_url%/admin-users?_u_a=edit&amp;_u_id=%user.user_id%

User details:
    Username:   %user.login%
    Email:      %user.email%
    Name:       %user.name_f% %user.name_l%

--
Best Regards,
%site_title%
%root_url%
        </field>
    </row>
    <row type="email_template">
        <field name="name">invoice_approval_wait_admin</field>
        <field name="lang">en</field>
        <field name="format">text</field>
        <field name="subject">%site_title% Your approval required</field>
        <field name="txt">
New signup completed and is awaiting your approval.
Please log into aMember CP
        %root_url%/admin/
and then click the following link:
        %root_url%/admin-user-payments/index/user_id/%user.user_id%

User details:
    Username:   %user.login%
    Email:      %user.email%
    Name:       %user.name_f% %user.name_l%

--
Best Regards,
%site_title%
%root_url%
        </field>
    </row>
    
    <row type="email_template">
        <field name="name">max_ip_actions_admin</field>
        <field name="lang">en</field>
        <field name="format">text</field>
        <field name="subject">%site_title% Account Sharing Violation Detected</field>
        <field name="txt">
There is an automated message from aMember Pro script. 
An account violation has been detected for the following
customer:
User details:
    Username:   %user.login%
    Email:      %user.email%
    Name:       %user.name_f% %user.name_l%
%userlocked%    
It has reached configured limit of %maxipcount% IP within
%maxipperiod% minutes. Please login into aMember CP and review
his access log. 

If it looks like a script mistake, you may disable sharing violation checking 
for this user in the "User Profile", or disable it globally at aMember CP -&gt; 
Setup -&gt; LoginPage by setting "if customer uses more than IP" to something like "99999".
    
--
Best Regards,
%site_title%
%root_url%
        </field>
    </row>
    <row type="email_template">
        <field name="name">max_ip_actions_user</field>
        <field name="lang">en</field>
        <field name="format">text</field>
        <field name="subject">%site_title% Account Sharing Violation Detected</field>
        <field name="txt">
There is an automated message from aMember Pro script. 
An account violation has been detected.
%userlocked%

It has reached configured limit of %maxipcount% IP within
%maxipperiod% minutes.
--
Best Regards,
%site_title%
%root_url%
        </field>
    </row>
    <row type="email_template">
        <field name="name">admin_cancel_upgraded_invoice</field>
        <field name="lang">en</field>
        <field name="format">text</field>
        <field name="subject">%site_title% Cancel Upgraded Invoice</field>
        <field name="txt">
There is an automated message from aMember Pro script. 
            
Your customer %user.login% "%user.name_f% %user.name_l%" &lt;%user.email%&gt; 
recently changed his subscription to new payment plan. Unfortunaetly,
the payment system does not allow to cancel previous subscription automatically.
Please cancel previous user recurring subscription manually:
   Payment System:         %invoice.paysys_id%
   aMember Invoice Id:     %invoice.public_id%
   Subscription Reference: %subscr_id%
--
Best Regards,
%site_title%
%root_url%
        </field>
    </row>
    <row type="email_template">
        <field name="name">admin_refund_upgraded_invoice</field>
        <field name="lang">en</field>
        <field name="format">text</field>
        <field name="subject">%site_title% Refund Upgraded Invoice</field>
        <field name="txt">
There is an automated message from aMember Pro script.
             
Your customer %user.login% "%user.name_f% %user.name_l%" &lt;%user.email%&gt; 
recently changed his subscription to new payment plan. aMember has done 
calculations and it is necessary to refund amount of money to the customer.
            
Unfortunaetly, the payment system does not allow to process refunds
automatically.
Please process refund manually via payment system control panel:

   Payment System:         %invoice.paysys_id%
   Last Payment Reference: %subscr_id%
   Amount to refund:       %refund_amount% %invoice.currency%
   aMember Invoice Id:     %invoice.public_id%
   
--
Best Regards,
%site_title%
%root_url%
        </field>
    </row>
</table_data>